Pop,Group
BG01,BG01
BG05,BG05
BG04,BG04
BG07,BG07
Sauva,Sauva
Montsenymid,Montsenymid
Carlac,Carlac
Conangles,Conangles
Viros,Viros
Cimadal,Cimadal
Coscollet,Coscollet
